11,a b
12,a c
09,a d
0923,a e 
0317,xxx
,a f
29,b i 
30,b h 
18,b g
0620,b c 
1125,b d
,b e 
0115,b f 
15,b j
15,b j 
26,b k 
26,b k 
1226,b l 
0120,b m 
0121,b n 
615,b o 
715,b p 
22,b r 
11,a b
12,a c
09,a d
0923,a e 
0317,xxx
,a f
29,b i 
30,b h 
18,b g
0620,b c 
1125,b d
,b e 
0115,b f 
15,b j
15,b j 
26,b k 
26,b k 
1226,b l 
0120,b m 
0121,b n 
615,b o 
715,b p 
22,b r 
11,a b
12,a c
09,a d
0923,a e 
0317,xxx
,a f
29,b i 
30,b h 
18,b g
0620,b c 
1125,b d
,b e 
0115,b f 
15,b j
15,b j 
26,b k 
26,b k 
1226,b l 
0120,b m 
0121,b n 
615,b o 
715,b p 
22,b r 
11,a b
12,a c
09,a d
0923,a e 
0317,xxx
,a f
29,b i 
30,b h 
18,b g
0620,b c 
1125,b d
,b e 
0115,b f 
15,b j
15,b j 
26,b k 
26,b k 
1226,b l 
0120,b m 
0121,b n 
615,b o 
715,b p 
22,b r 
